{
  "dependencies": {
    "secrets1": {
      "type": "secrets.user"
    },
    "mssql1": {
      "serviceConnectorResourceId": "",
      "secretStore": "LocalSecretsFile",
      "type": "mssql.onprem",
      "connectionId": "CalculadoraDB",
      "dynamicId": null
    },
    "mssql2": {
      "serviceConnectorResourceId": "",
      "secretStore": "LocalSecretsFile",
      "type": "mssql.local",
      "connectionId": "ConnectionStrings:DefaultConnection",
      "dynamicId": null
    }
  }
}